{
  "booking" : {
    "transaction" : "booking",
    "sampleCount" : 50,
    "errorCount" : 0,
    "errorPct" : 0.0,
    "meanResTime" : 421.0,
    "medianResTime" : 265.5,
    "minResTime" : 236.0,
    "maxResTime" : 1417.0,
    "pct1ResTime" : 1062.4999999999998,
    "pct2ResTime" : 1413.45,
    "pct3ResTime" : 1417.0,
    "throughput" : 9.476876421531463,
    "receivedKBytesPerSec" : 8.946763646702047,
    "sentKBytesPerSec" : 4.4145215362016685
  },
  "Getbooking" : {
    "transaction" : "Getbooking",
    "sampleCount" : 50,
    "errorCount" : 0,
    "errorPct" : 0.0,
    "meanResTime" : 1095.7000000000003,
    "medianResTime" : 1164.5,
    "minResTime" : 468.0,
    "maxResTime" : 1829.0,
    "pct1ResTime" : 1487.1999999999998,
    "pct2ResTime" : 1673.0499999999993,
    "pct3ResTime" : 1829.0,
    "throughput" : 9.04649900488511,
    "receivedKBytesPerSec" : 230.7883811855437,
    "sentKBytesPerSec" : 1.5990393748869187
  },
  "Total" : {
    "transaction" : "Total",
    "sampleCount" : 150,
    "errorCount" : 0,
    "errorPct" : 0.0,
    "meanResTime" : 1269.72,
    "medianResTime" : 1199.5,
    "minResTime" : 236.0,
    "maxResTime" : 5792.0,
    "pct1ResTime" : 2082.8,
    "pct2ResTime" : 3253.349999999997,
    "pct3ResTime" : 5159.600000000011,
    "throughput" : 19.071837253655435,
    "receivedKBytesPerSec" : 173.02191771296884,
    "sentKBytesPerSec" : 5.91649117927527
  },
  "login" : {
    "transaction" : "login",
    "sampleCount" : 50,
    "errorCount" : 0,
    "errorPct" : 0.0,
    "meanResTime" : 2292.46,
    "medianResTime" : 2051.5,
    "minResTime" : 1328.0,
    "maxResTime" : 5792.0,
    "pct1ResTime" : 4039.2999999999993,
    "pct2ResTime" : 4336.949999999998,
    "pct3ResTime" : 5792.0,
    "throughput" : 7.777259293824856,
    "receivedKBytesPerSec" : 5.918008243894851,
    "sentKBytesPerSec" : 2.2405190348421216
  }
}